Charlie_Savage##savage, charlie$charlie savage
Olaus_Murie##olaus j. murie$olaus murie
SIMSA##simsa
Zoubin_Ghahramani##zoubin ghahramani
Ken_Fowler##ken fowler
William_Cohen_disambiguation##william cohen  disambiguation $william cohen disambiguation$william cohen disambiguation$william cohen
Drew_Wrigley##drew wrigley
Carey_McWilliams_marksman##carey mcwilliams$carey mcwilliams marksman$carey mcwilliams marksman
William_H._Miller_writer##william h. miller writer$william h. miller writer$william h. miller
Sean_Hampton##sean hampton$sean hampt
Lovebug_Starski##lovebug starski$loveburg starski$lovebug starsk$love bug starsky$lovebug starsky$luvbug starski$ovebug starski$love bug starski
Clark_Blaise##clark blaise
Aharon_Barak##aharon barak in$aaron barak$ah aron barak$aharon barak$prof. aharon barak
Ikuhisa_Minowa##ikuhisa minowa$ikuhisa minowaman minowa$ikuhisha minowa
Shamit_Kachru##shamit kachru
Frank_Winterstein##frank winterstein$winterstein
Bernard_Kenny##bernard f. kenny$bernard kenny$bernard f. kenny, jr$senator bernard kenny$bernard kenny, jr
Buddy_MacKay##buddy mac kay$buddy mackay, jr$buddy mackay$buddy mckay
Phyllis_Lambert##phyllis lambert$phyillis lambert$phillis lambert$phyllis lambert pdia$madame phyllis lambert$phyllis bronfman lambert$phyllis barbara lambert
Jeff_Severson##jeff severs$jeff severson
James_McCartney_politician##james mccartney$james mccartney politician
Travis_Mays##travis mays
Ken_Freedman##ken freedman
Blood_Lines_Ruth_Rendell_short_stories_collection##blood lines$blood lines ruth rendell short stories collecti$blood lines ruth rendell short stories collection$blood lines ruth rendell short stories collecti the$blood lines ruth rendell short stories collection$ruth rendell short stories collection
Vladimir_Potanin##vladimir potanin$vladimirpotanin$vladimir potanin info$vladimir potanine$wladimir potatin$vladímir potanin$vladimir potaninin$[vladimir potanin]$wladimir potanin$vladimir olegovich potanin
Luz_del_Sur##luz del sur
Weehawken_Cove##weehawken cove
Dunkelvolk##dunkelvolk
Scot_Brantley##scot e. brantley$scot brantley the free$scot brantley
Roustam_Tariko##roustam tariko$tariko roustam$rustam tariko
Hoboken_Reporter##reportero de hoboken$the hoboken reporter$hoboken reporter
Angelo_Savoldi##angelo savoldi
Alexander_McCall_Smith##smith, alexander mccall$alexandermccall smith$alexander sandy mccall smith$alexander mc call smith$› alexander mccall smith$alexander mccall smithin$vikipedi'de alexander mccall smith$alexander mac call smith$alexander mccall-smith$alexander mccall smith - vikipedi$alexander smith$alexander mccall smiths$alexander mccall smith serial novel$alexander mccall$a mccall smith$alexander mccoll smith$d'alexander mccall smith$alexander mccall smith$article alexander mccall smith
Satoshi_Ishii##satoshi ishii$satoshi ishii $ishii satoshi
Ruth_Rendell##-ruth rendell$Über ruth rendel$ruth rendel$ruth rendell's work$ruth rendall$ruth rendell$om ruth rendell$ruth rendell’s$www.ruth rendell$ruth rendell 1930- 
Darren_Rowse##darren rowse$darren rowse's page
Nassim_Nicholas_Taleb##e-05 nassim-nicholas taleb$nassem nicholas taleb$im nicholas taleb$nassim nicholas taleb nnt, *1960$e-05 dr. nassim nicholas taleb$nassim nicholas$assim nicholas taleb$nassim nicholas talem$e-05 --nassim nicholas taleb$nassim nicholas taleb$e-05 nassim nicoholas taleb$e-05 nassim nicholas taleb$nicolas nassim taleb$il cigno nero, di nassim nicholas taleb$external nassim nicholas taleb$*nassim nicholas *taleb$nassim nicholas taleb here$nassim nicholas taleb'$nassin nicholas taleb$e-05 nassim nicholas taleb$nassim nicholas taleb »$nassam nicholas taleb$nassim nicholass taleb$e-05 nassimo nicholas talebo$e-05 nasim nicholas taleb$nicholas nassim taleb$nassim nicolas taleb$taleb, nassim nicholas$e-05 , nassim nicholas taleb$nissim nicholas taleb$e-05 taleb nicholas nassim$nassimnicholas taleb$e-05 nassim nicholas tale$nicholas taleb nassim$selon nassim nicholas taleb$nassim nicholas teleb$nassim nicholas talebin$nicholas taleb$by nassim nicholas taleb$nassim nicolae taleb$nassim nicholas thaleb$nassim nicholastaleb$nicholas nassim talebi$nassim nicholas talebs$nassima nicholasa taleba
Red_River_Zoological_Society##red river zoological society
Fargo_Air_Museum##fargo airplane museum$fargo air museum
Alex_Kapranos##alexom kapranosom$kapranos$alex kapranos$alexi kapranosovi$alex kopranos$al kapranos$alex kapranas$alex krapranos$kapranos, alex$alex kapranos huntley$alex capranos$article alex kapranos
James_McCartney##james mccartney$james﻿ mccartney$james mc cartney$james louis mccartney
John_D._Odegard_School_of_Aerospace_Sciences##john d. odegard school of aerospace sciences from$john d. odegard school of aerospace$school of aerospace sciences$john d. odegard school of aerospace sciences the$john d. odegard school of aerospace sciences$john d odegard school of aerospace sciences
Douglas_Carswell##article douglas carswell$douglas carswell$douglas carswell mp
William_Cohen##william cohens$william s. cohen]$this william cohen?$hon. william cohen$ir william cohen$cohen, william s$senator william cohen$william cohen's service$william s. cohen$william cohen in$william cohen$fmr. sen. william cohen$william s cohen$william cohenin
Reid_Nichols##thomas reid nichols$reid nichols
Jim_Poolman##jim poolman
Paul_Johnsgard##paul johnsgard
Richard_Edlund##richard edwund$richard edlund$richard edlund, a.s.c
Bob_Bert##bob bert
Jennifer_Baumgardner##where was jennifer baumgardner born$jennifer baumgarder$jennifer baumgardner$baumgardner, jennifer$jeniffer baumgardner
Carla_Katz##carla katz$carla a. katz
Jasper_Schneider##jasper schneider
Chiara_Nappi##chiara nappi
Osceola_Middle_School##osceola middle school
Benjamin_Bronfman##benjamin bronfman$benjamin zachary bronfman
Keri_Hehn##keri hehn
Frederick_M._Lawrence##frederick m. lawrence
Matt_Witten##matt witten
Cementos_Lima##cementos lima
Shafi_Goldwasser##shari goldwasser$goldwasser, shafi$shafrira goldwasser$article shafi goldwasser$goldwasser$s. goldwasser$shafi goldwasser$shaffi goldwasser
Joshua_Zetumer##joshua zetumer$josh zetumer
Derrick_Alston##derrick alston$derryk alston$alston, derrick$derrick alst
Ruben_J._Ramos##ruben j ramos$ruben j. ramos$ruben ramos
Lewis_&_Clark_Landing##lewis & clark landing$lewis and clark landing
John_H._Lang##juan h. lang$john h. lang
Neoregelia_'Travis_Mays'##neoregelia 'travis mays'$neoregelia travis mays
Jeff_Tamarkin##tamarkin, jeff$jeff tamarkin
Innovis_Health##innovis health
The_Bob_Bertles_Quintet##the bob bertles quintet
Hjemkomst_Center##hjemkomst centro$hjemkomst center$hjemkomst center moorhead
Susan_Krieg##susan krieg
Basic_Element_music_group##basic element music group$basic element music group; it is used under$basic element
Charles_Bronfman_Prize##charles bronfman prize
Marion_Technical_Institute##marion technical institute
Copper_Basin_Railway##copper basin railway
Intergroup_Financial_Services##intergroup financial services
Annie_Laurie_Gaylor##annie-laurie gaylor$annie laurie gaylor
Klaus_Grutzka##klaus grutzka
Boris_Berezovsky_pianist##boris berezovski pianisti$boris berezovski$boris berezovsky %28pianist%29$boris berezovsky pianista$boris berezovski pianist$boris berezovsky pianist$boris berezovsky pianist$boris berezovsky$boris berezovskij pianist$> boris berezovsky$boris berezovsky pianiste$boris berezovsky violinist$borís berezovski pianista
Pat_Dapuzzo##pat dapuzzo
David_William_Cohen##cohen, david william$david william cohen
Great_American_Brass_Band_Festival##great american brass band festival
Danny_Irmen##danny irmen
James_McCartney_Anderson##james mccartney anderson
Carl_Chang_tennis##carl chang tennis$carl chang$carl chang tennis player$carl chang tennis
Rodrigo_Pimentel##rodrigo pimentel$rodrigo pimentel
David_B._Danbom##david b. danbom$david danbom$danbom, david b$article david b. danbom$david b danbom
Bob_Bertles##bob bertles quintet$bob bertles
IDSIA##idsia
Geoffrey_Hinton##geoffrey hinton$geoffrey e. hinton
Bob_Bertucci##bob bertucci
Lake_Weir_High_School##lake weir high school$weir lake high school
Sara_Bronfman##sara bronfman programs$sara bronfman
Gretchen_Hoffman##gretchen hoffman
Richard_W._Goldberg##richard w. goldberg
Red_River_Zoo##red river zoo
Clare_Bronfman##clare bronfman foundation$clare bronfman$clare bronfman programs$clare bronfman background
Stevens_Cooperative_School##stevens cooperative school$what are buildings of stevens cooperative school
Joanne_Borgella##joanne borgella
Jamie_Parsley##jamie parsley
Joey_Mantia##joey mantia
Fargo-Moorhead_Symphony_Orchestra##fargo moorhead symphony orchestra$fargo-moorhead symphony orchestra
Ed_Bok_Lee##ed bok lee
Judd_Davis##judd davis
Don_Garlits_Museum_of_Drag_Racing##don garlits museum of drag racing
Toquepala_mine##toquepala mines$toquepala$toquepala mine
William_P._Gerberding##william p. gerberding$william gerberding$william p. gerberding the$william p gerberding
Lorenzo_Williams_basketball##lorenzo williams basketball$lorenzo williams
Masaru_Emoto##masaru emoto [fr]$masaru emoto$masoru emoto$masaru enomoto$> dr. masaru emoto <$masaru emoton$masaro emoto$over masaru emoto$e-05 masaru emoto.url$dr. masaru emoto$massaru emoto$di masaru emoto$e-05 + masaru emoto$about dr masaru emoto$dr. masaru emoto san$dr.masaru emoto$[masaru emoto]$mr masaru emoto$masaru emoto link$masuru emoto$e-05 masaru emoto →$emoto masaru$masaru emotos$doctor masaru emoto$pr.masaru emoto$e-05 dr. masaru emoto$e-05 massaru emoto$dr masaru emoto$maseru emoto
Basic_Element_company##basic element company$basic element$basic element corp$basic element company
Agroindustrial_Pomalca##agroindustrial pomalca
Appleton_Museum_of_Art##appleton museum of art$appleton museum
William_D._Cohan##william d. cohan$william d cohan$william cohan$cohan, william d
Yann_LeCun##yann le cun$yann lecun
Lisa_Bloom##lisa bloom
Jack_Lazorko##jack lazorko$jack lazorko article
Eva_Silverstein##eva silverstein$silverstein
Frank_Winters_ice_hockey##frank winters ice hockey$frank winters ice hockey$frank winters
Mario_Garnero##mário garnero$mario garnero
Juris_Hartmanis##hartmanis$prof. juris hartmanis$hartmanis, juris$juris hartmanis
Austral_Group##austral group
Frank_Winters_basketball_coach##frank winters basketball coach$frank winters
Maurice_Fitzgibbons##maurice fitzgibbons
Fernando_J._Corbató##fernando j. corbat%c3%b3$fernando j. corbató
Haven_Denney##haven denney
Charlie_Savage_mercenary##charlie savage mercenary$charlie savage
Rodrigo_Pimentel_Ponce_de_León,_marqués_de_Viana##rodrigo pimentel ponce de león, marqués de viana$rodrigo pimentel ponce de leon, marques de viana
Daniel_J._Crothers##daniel john crothers$daniel j. crothers$daniel crothers
Tilo_Rivas##tilo e. rivas$tilo rivas
Brenda_Weiler##brenda weiler
Frank_Winters##frank winters
Starlite_Motel##star lite motel$starlite motel
The_Ruth_Rendell_Mysteries##ruth rendell mysteries$the ruth rendell mysteries; it is used under$the ruth rendell mysteries
Eighth_Street_Elementary_School##eighth street elementary school
Bill_Coen##bill coen
Elysian_Charter_School##elysian charter school$elysian charter school of hoboken
Atacocha##atacocha
Stuart_Powell_Field##stuart powell field$stuart powell field article
Barbara_Liskov##liskov, barbara$barbara liskovov%c3%a1$barbara h. liskov$barbara liskov, ph.d$barbara liskovová$barbara liskov$barbara%20liskov$barbara jane liskov$dr. barbara liskov$barbara liskov.png.png
Available_Light_James_McCartney_EP##available light james mccartney ep$available light$learn about available light james mccartney ep>>>
Henry_Gutierrez##henry gutierrez
Hayden_Smelter##hayden smelter
George_Sinner##george albert sinner$george a. sinner$george sinner
Mark_SaFranko##mark safranko
Charles_Bronfman##article charles bronfman$charles bronfman$charles rosner bronfman$charles brfman$andrea & charles bronfman$the charles bronfman
John_H._Langbein##john h langbein$john langbein$john h. langbein
Randy_Ewers##randy ewers
Paul_Marquart##paul marquart$marquart, paul
Corn_Belt_Power_Cooperative##corn belt power coop$corn belt power cooperative
