Agroindustrial_Pomalca:Agroindustrial Pomalca$Pomalca Agroindustrial$Agroindustrial$Pomalca
Aharon_Barak:Aharon Barak$Barak Aharon$Barak$prof aharon$prof barak$aaron barak$barak aaron
Alex_Kapranos:Alex Kapranos$Kapranos Alex$Kapranos$alkapranos
Alexander_McCall_Smith:Alexander McCall$Alexander Smith$McCall Smith$alexander sandy$sandy mccall$sandy smith
Ana%C3%AFs_Croze:Anaïs Croze$Croze Anaïs$Anaïs$Croze$Anais Croze$Croze Anais$Anais$Croze
Angelo_Savoldi:Angelo Savoldi$Savoldi Angelo$Savoldi
Annie_Laurie_Gaylor:Annie Laurie$Annie Gaylor$Laurie Gaylor$Annie-Laurie Gaylor$Gaylor Annie-Laurie$Annie-Laurie$algaylor
Appleton_Museum_of_Art:Appleton Museum$Appleton Art
Atacocha:Atacocha
Austral_Group:Austral Group$Group Austral$Austral
Barbara_Liskov:Barbara Liskov$Liskov Barbara$Liskov$Barbara PhD$Liskov PhD
Basic_Element_(company):Basic Element$Basic company$basic corp$element corp
Basic_Element_(music_group):Basic Element$Basic music$Element music
Benjamin_Bronfman:Benjamin Bronfman$Bronfman Benjamin$benjamin zachary$zachary bronfman
Bernard_Kenny:Bernard Kenny$Kenny Bernard$Senator bernanrd$Senator Kenny$bernanrd F$bernanrd Jr$Kenny Jr
Bill_Coen:Bill Coen$Coen Bill$Coen$gonucoachcoen
Blair_Thoreson:Blair Thoreson$Thoreson Blair
Bob_Bert:Bob Bert$Bert Bob$Robert Bertelli$Bertelli Robert$Bertelli
Boris_Berezovsky_(businessman):Boris Berezovsky$Boris businessman$Berezovsky businessman$berezovsky
Boris_Berezovsky_(pianist):Boris Berezovsky$Boris pianist$Berezovsky pianist$berezovsky
Brenda_Weiler:Brenda Weiler$Weiler Brenda$B Weiler
Buddy_MacKay:Buddy MacKay$MacKay Buddy$Buddy Mac$Buddy Kay$Buddy Jr$Mac Kay$Mac Jr$Kay Jr
Carey_McWilliams_(marksman):Carey McWilliams$Carey marksman$McWilliams marksman$Carey Mc$Carey Williams$Mc Williams
Carl_Chang_(tennis):Carl Chang$C Chang$Chang Carl
Carla_Katz:Carla Katz$Katz Carla$carla katz
Cementos_Lima:Cementos Lima$Lima Cementos$Cementos
Charles_Bronfman:Charles Bronfman$Bronfman Charles
Charlie_Savage:Charlie Savage$Savage Charlie
Chiara_Nappi:Chiara Nappi$Nappi Chiara$chiara$nappi
Chuck_Pankow:Chuck Pankow$Pankow Chuck
Clare_Bronfman:Clare Bronfman$Bronfman Clare
Clark_Blaise:Clark Blaise$Blaise Clark
Copper_Basin_Railway:Copper Basin$Copper Railway$Basin Railway
Corn_Belt_Power_Cooperative:Corn Belt$Corn Cooperative$Belt Cooperative$Power Cooperative
Daniel_J._Crothers:Daniel J$Daniel Crothers$J Crothers$daniel crothers$john crothers$crothers
Danny_Irmen:Danny Irmen$Irmen Danny$roymuns
Darren_Rowse:Darren Rowse$Rowse Darren
David_B._Danbom:David B$David Danbom$B Danbom$Danbom david$Danbom
DeAnne_Smith:DeAnne Smith$Smith DeAnne$DeAnne
Derrick_Alston:Derrick Alston$Alston Derrick$Derrick Samuel$Samuel Alston
Don_Garlits_Museum_of_Drag_Racing:Don Garlits$Don Museum$Don Drag$Don Racing$Garlits Museum$Garlits Drag$Garlits Racing$Museum Drag$Museum Racing
Douglas_Carswell:Douglas Carswell$Carswell Douglas$Carswell$John Douglas$John Wilson$John Carswell$Douglas Wilson$Douglas Carswell$Wilson Carswell$douglascarswell
Drew_Wrigley:Drew Wrigley$Wrigley Drewdrewwrigley
Dunkelvolk:Dunkelvolk
Ed_Bok_Lee:Ed Bok$Ed Lee$Bok Lee
Edgar_Bronfman,_Jr.:Edgar Bronfman$Edgar Jr$Bronfman Jr
Edgar_Bronfman,_Sr.:Edgar Bronfman$Edgar Sr$Bronfman Sr
Eighth_Street_Elementary_School:Eighth Elementary$Eighth School$Street Elementary$Elementary Eighth
Elysian_Charter_School:Elysian Charter$Elysian School$elysian charter$elysian hoboken$elysian school$school elysian
Eva_Silverstein:Eva Silverstein$Silverstein Eva$Silverstein
Fargo_Air_Museum:Fargo Air$Fargo Museum$Fargo airplane$Fargo museum$museum fargo
Fargo_Moorhead_Derby_Girls:Fargo Derby$Fargo Girls$Moorhead Derby$Moorhead Girls$Derby Girls$FMDG
Fargo-Moorhead_Symphony_Orchestra:Fargo Symphony$Fargo Orchestra$Moorhead Symphony$Moorhead Orchestra$Symphony Orchestra$symphony fargo
Fernando_J._Corbat%C3%B3:Fernando J$Fernando Corbató$J Corbató$Fernando Jose$Fernando Corby$Fernando Corbato$Jose Corby$Jose Corbato$Corby Corbato$corbato$
Frank_Winters:Frank Winters$Winters Frank
Frederick_M._Lawrence:Frederick M$Frederick Lawrence$M Lawrence
Geoffrey_E._Hinton:Geoffrey E$Geoffrey Hinton$E Hinton$Hinton
George_Sinner:George Sinner$Sinner George$george sinner$george albert$george sinner$albert sinner
Gran%C3%A3_y_Montero:Granã y$Granã Montero$y Montero$grana y$grana montero$y montero$montero
Great_American_Brass_Band_Festival:Great American$Great Brass$Brass Festival$Band Festival
Gretchen_Hoffman:Gretchen Hoffman$Hoffman Gretchen
Gwena%C3%ABlle_Aubry:Gwenaëlle Aubry$Aubry Gwenaëlle$Gwenaëlle$Gwenaelle Aubry$Aubry Gwenaelle$Gwenaelle
Haven_Denney:Haven Denney$Denney Haven
Hayden_Smelter:Hayden Smelter$Smelter Hayden
Henry_Gutierrez:Henry Gutierrez$Gutierrez Henry$Gutierrez
Hjemkomst_Center:Hjemkomst Center$Center Hjemkomst
Hoboken_Reporter:Hoboken Reporter$Reporter Hoboken$reportero de$reportero hoboken$de hoboken
Hoboken_Volunteer_Ambulance_Corps:Hoboken Volunteer$Hoboken Ambulance$Hoboken Corps
IDSIA:IDSIA$Dalle Molle$Dalle Institute$Dalle Artificial$Dalle Intelligence$Dalle Research$Molle Institute$Molle Artificial$Molle Intelligence$Molle Research
Ikuhisa_Minowa:Ikuhisa Minowa$Minowa Ikuhisa$Ikuhisa$Minowa
Innovis_Health:Innovis Health$Health Innovis$Innovis
Intergroup_Financial_Services:Intergroup Financial$Intergroup Services
Jack_Lazorko:Jack Lazorko$Lazorko Jack$Lazorko$Jack Thomas$Jack Lazorko$Thomas Lazorko
James_McCartney:James McCartney$McCartney James$McCartney$James Louis$James Mccartney$Louis Mccartney
Jamie_Parsley:Jamie Parsley$Parsley Jamie$Parsley
Jasper_Schneider:Jasper Schneider$Schneider Jasper$Schneider
Jeff_Severson:Jeff Severson$Severson Jeff$Severson$Jeffrey Kent$Jeffrey Severson$Kent Severson
Jeff_Tamarkin:Jeff Tamarkin$Tamarkin Jeff$Tamarkin$jefftamarkin
Jennifer_Baumgardner:Jennifer Baumgardner$Baumgardner Jennifer$Baumgardner$jenniferbedbaum
Jeremy_McKinnon:Jeremy McKinnon$McKinnon Jeremy$McKinnon$jeremymckinnon
Jim_Poolman:Jim Poolman$Poolman Jim$Poolman
Jim_Steyer:Jim Steyer$Steyer Jim$James P$James Steyer$P Steyer
Joanne_Borgella:Joanne Borgella$Borgella Joanne$Borgella$joanneborgella
Joey_Mantia:Joey Mantia$Mantia Joey$jrmantia$mantia
John_D._Odegard_School_of_Aerospace_Sciences:John Odegard$John School$John Aerospace$John Sciences$D Odegard$Odegard School$Odegard Aerospace$Odegard Sciences
John_H._Lang:John Lang
Joshua_Boschee:Joshua Boschee$Boschee Joshua$Boschee
Joshua_Zetumer:Joshua Zetumer$Zetumer Joshua$Zetumer
Judd_Davis:Judd Davis$Davis Judd
Juris_Hartmanis:Juris Hartmanis$Hartmanis Juris$Hartmanis$Prof Juris$Prof Hartmanis$Juris Hartmanis
Ken_Fowler:Ken Fowler$Fowler Ken$Fowler
Ken_Freedman:Ken Freedman$Freedman Ken$stationmgrken$freedman
Keri_Hehn:Keri Hehn$Hehn Keri$Hehn$kerihehn
Klaus_Grutzka:Klaus Grutzka$Grutzka Klaus$Klaus$Grutzka$klaus$grutzka
L%C3%A9on_Bottou:Léon Bottou$Bottou Léon$Léon$Bottou$Leon Bottou$Bottou Leon$Bottou
Lake_Weir_High_School:Lake Weir$Lake High$Lake School$Weir High$Weir School
Lewis_and_Clark_Landing:Lewis Clark$Lewis Landing$Clark Landing$
Lisa_Bloom:Lisa Bloom$Bloom Lisa$lisabloom
Lorenzo_Williams_(basketball):Lorenzo Williams$Lorenzo basketball$Williams basketball
Lovebug_Starski:Lovebug Starski$Starski Lovebug$Lovebug$Starski
Luz_del_Sur:Luz del$Luz Sur$del Sur$LUSURC1
Mario_Garnero:Mario Garnero$Garnero Mario$Garnero
Marion_Technical_Institute:Marion Technical$Marion Institute
Mark_SaFranko:Mark SaFranko$SaFranko Mark$SaFranko$marksafranko$safranko
Masaru_Emoto:Masaru Emoto$Emoto Masaru$Masaru$Emoto
Matt_Witten:Matt Witten$Witten Matt$witten
Maurice_Fitzgibbons:Maurice Fitzgibbons$Fitzgibbons Maurice$Fitzgibbons
Nassim_Nicholas_Taleb:Nassim Nicholas$Nassim Taleb$Nicholas Taleb$taleb
Nicolas_Sch%C3%B6ffer:Nicolas Schöffer$Schöffer Nicolas$nicolas schoffer$schoffer nicolas$schoffer$Schöffer
Olaus_Murie:Olaus Murie$Murie Olaus$Olaus$Murie$olaus$murie
Osceola_Middle_School:Osceola Middle$Osceola School
Pat_Dapuzzo:Pat Dapuzzo$Dapuzzo Pat$Dapuzzo
Paul_Johnsgard:Paul Johnsgard$Johnsgard Paul$Johnsgard$paul austin$paul johnsgard$austin johnsgard
Paul_Marquart:Paul Marquart$Marquart Paul
Phyllis_Lambert:Phyllis Lambert$Lambert Phyllis$Phyllis barbara$Phyllis lambert$barbara lambert
Randy_Ewers:Randy Ewers$Ewers Randy
Red_River_Zoo:Red River$Red Zoo
Reid_Nichols:Reid Nichols$Nichols Reid$thomas reid$thomas nichols$reid nichols
Richard_Edlund:Richard Edlund$Edlund Richard$Edlund
Richard_W._Goldberg:Richard W$Richard Goldberg$W Goldberg$Judge Goldberg$Goldberg Judge
Rodrigo_Pimentel:Rodrigo Pimentel$Pimentel Rodrigo$Pimentel
Roustam_Tariko:Roustam Tariko$Tariko Roustam$Roustam$Tariko
Ruben_J._Ramos:Ruben J$Ruben Ramos$J Ramos$Ruben J$Ruben Ramos$Ruben Jr$J Ramos$Ramos Jr
Ruth_Rendell:Ruth Rendell$Rendell Ruth$ruth barbara$ruth rendell$barbara rendell
Sara_Bronfman:Sara Bronfman$Bronfman Sara$sarabronfman
Satoshi_Ishii:Satoshi Ishii$Ishii Satoshi$Satoshi$Ishii
Scot_Brantley:Scot Brantley$Brantley Scot
Scotiabank_Per%C3%BA:Scotiabank Perú$Perú Scotiabank$Scotiabank peru$peru Scotiabank
Sean_Hampton:Sean Hampton$Hampton Sean
Shafi_Goldwasser:Shafi Goldwasser$Goldwasser Shafi$Shafi$Goldwasser
Shamit_Kachru:Shamit Kachru$Kachru Shamit$Shamit$Kachru
SIMSA:SIMSA$Cia Minera$Cia San$Cia Ignacio$Cia de$Cia morococha$Minera San$Minera Ignacio$Minera de$Minera Morococha$San Ignacio$San de$San Morococha$Ignacio de$Ignacio Morococha$de Morococha
Star_Lite_Motel:Star Lite$Star Motel
Stevens_Cooperative_School:Stevens Cooperative$Stevens School
Stuart_Powell_Field:Stuart Powell$Stuart Field$Powell Field
Susan_Krieg:Susan Krieg$Krieg Susan
Th%C3%A9o_Mercier:Théo Mercier$Mercier Théo$Théo$Theo Mercier$Mercier Theo
The_Ritz_Apartment_(Ocala,_Florida):The Ritz$Ritz Apartment$Ritz Ocala$Ritz Florida
Tilo_Rivas:Tilo Rivas$Rivas Tilo$Tilo$Rivas
Toquepala_mine:Toquepala mine$mine Toquepala$Toquepala
Travis_Mays:Travis Mays$Mays Travis$travis cortez$travis mays$cortez mays
Vladimir_Potanin:Vladimir Potanin$Potanin Vladimir$Potanin$Vladimir Olegovich$Vladimir Potanin$Olegovich Potanin
Weehawken_Cove:Weehawken Cove$Cove Weehawken$Weehawken$weehawken
William_Cohen:William Cohen$Cohen William$William Sebastian$William Cohen$Sebastian Cohen
William_D._Cohan:William D$William Cohan$D Cohan
William_H._Gates,_Sr:William H$William Gates$William Sr$H Gates$Gates Sr$William Henry$William Gates$William Sr$Henry Gates$Henry Sr$Gates Sr
William_H._Miller_(writer):William H$William Miller$William writer$H Miller$Miller writer$William Hughes$William Miller$Hughes Miller
William_P._Gerberding:William P$William Gerberding$P Gerberding$gerberding
Yann_LeCun:Yann LeCun$LeCun Yann$Yann$LeCun
Zoubin_Ghahramani:Zoubin Ghahramani$Ghahramani Zoubin$Zoubin$Ghahramani$zoubin$ghahramani
AlexJoHamilton:Alexandra Hamilton$Hamilton Alexandra$alexjohamilton$alex hamilton$hamilton alex
BartowMcDonald:Bartow Mc$Bartow Donald$Bartow Ocala$Bartow Commercial$Mc Ocala$Mc Commercial$Donald Ocala$Donald Commercial$Ocala Commercial
BlossomCoffee:Blossom Coffee$Coffee Blossom$blossomcoffee
bobplaisted:Robert Plaisted$Plaisted Robert$bob plaisted$plaisted bob
BobStovall:Bob Stovall$Stovall Bob$B. Stovall$bobstovall$robert stovall$stovall robert
CorbinSpeedway:Corbin Speedway$Speedway Corbin$corbinspeedway
danvillekyengr:Danville Engineering$Engineering Danville$danvillekyengr
evvnt:evvnt
FrankandOak:Frank Oak$FrankAndOak$Frank Oak$Oak Frank
GandBcoffee:Glanville Babinski$gandbcoffee$Glanville Babinski$Babinski Glanville$Glanville$Babinski
KentGuinn4Mayor:Kent Guinn$Kent Mayor$Kent Ocala$Guinn Mayor$Guinn Ocala
MissMarcel:Miss Kelly$Miss Marcel$Kelly Marcel$MissMarcel
redmondmusic:Eric Redmond$Eric Music$Redmond Music
RobCaud:Rob Caudill$Caudill Rob$R Caudill$robcaud$rob caud$caud rob$R. Caudill
RonFunches:Ronald Funches$Funches Ronald$ron funches$funches ron$R. Funches$R Funches
roryscovel:Rory Scovel$Scovel Rory$R. Scovel$R Scovel
sandrafriend:Sandra Friend$Friend Sandra$S Friend$S. Friend
tonyg203:Tony Gray$Gray Tony$tonyg203
urbren00:Brent Faulkner$Faulkner Brent$urbren00$B. Faulkner$B Faulkner
WCoffeeResearch:World Coffee Research$World Coffee$Coffee Research$wcoffeeresearch
